{"cameraMode":{"drawMode":0,"name":"Shaded","section":"Shading Mode"},"sceneLighting":false,"audioPlay":false,"sceneViewState":{"m_AlwaysRefresh":false,"showFog":true,"showSkybox":false,"showFlares":true,"showImageEffects":true,"showParticleSystems":true,"showVisualEffectGraphs":true,"m_FxEnabled":true},"in2DMode":false,"pivot":{"x":0.0006717592477798462,"y":0.1166684627532959,"z":-0.004440411925315857},"rotation":{"x":-0.4461991786956787,"y":-0.33601632714271548,"z":0.1854514330625534,"w":-0.8084607124328613},"size":0.18200482428073884,"orthographic":false}