{"cameraMode":{"drawMode":0,"name":"Shaded","section":"Shading Mode"},"sceneLighting":false,"audioPlay":false,"sceneViewState":{"m_AlwaysRefresh":false,"showFog":true,"showSkybox":false,"showFlares":true,"showImageEffects":true,"showParticleSystems":true,"showVisualEffectGraphs":true,"m_FxEnabled":true},"in2DMode":false,"pivot":{"x":0.000553131103515625,"y":0.24064651131629945,"z":-0.006736934185028076},"rotation":{"x":0.07032013684511185,"y":-0.924456000328064,"z":0.20896975696086884,"w":0.31108933687210085},"size":0.32980644702911379,"orthographic":false}