{"cameraMode":{"drawMode":0,"name":"Shaded","section":"Shading Mode"},"sceneLighting":false,"audioPlay":false,"sceneViewState":{"m_AlwaysRefresh":false,"showFog":true,"showSkybox":false,"showFlares":true,"showImageEffects":true,"showParticleSystems":true,"showVisualEffectGraphs":true,"m_FxEnabled":true},"in2DMode":false,"pivot":{"x":-4.724914073944092,"y":-1.805155873298645,"z":-4.047425746917725},"rotation":{"x":0.015692204236984254,"y":-0.9808117151260376,"z":0.17271804809570313,"w":0.08911287039518357},"size":0.042498793452978137,"orthographic":false}