{"cameraMode":{"drawMode":0,"name":"Shaded","section":"Shading Mode"},"sceneLighting":false,"audioPlay":false,"sceneViewState":{"m_AlwaysRefresh":false,"showFog":true,"showSkybox":false,"showFlares":true,"showImageEffects":true,"showParticleSystems":true,"showVisualEffectGraphs":true,"m_FxEnabled":true},"in2DMode":false,"pivot":{"x":0.014071840792894364,"y":-0.026460226625204088,"z":0.13271093368530274},"rotation":{"x":-0.22986897826194764,"y":-0.5742632150650024,"z":0.17218676209449769,"w":-0.7666389346122742},"size":0.1233682930469513,"orthographic":false}