{"cameraMode":{"drawMode":0,"name":"Shaded","section":"Shading Mode"},"sceneLighting":false,"audioPlay":false,"sceneViewState":{"m_AlwaysRefresh":false,"showFog":true,"showSkybox":false,"showFlares":true,"showImageEffects":true,"showParticleSystems":true,"showVisualEffectGraphs":true,"m_FxEnabled":true},"in2DMode":false,"pivot":{"x":0.8736453056335449,"y":0.9981389045715332,"z":0.2039455771446228},"rotation":{"x":-0.08446139842271805,"y":-0.9065635204315186,"z":0.2178291529417038,"w":-0.35151103138923647},"size":1.417839765548706,"orthographic":false}