{"cameraMode":{"drawMode":0,"name":"Shaded","section":"Shading Mode"},"sceneLighting":false,"audioPlay":false,"sceneViewState":{"m_AlwaysRefresh":false,"showFog":true,"showSkybox":false,"showFlares":true,"showImageEffects":true,"showParticleSystems":true,"showVisualEffectGraphs":true,"m_FxEnabled":true},"in2DMode":false,"pivot":{"x":1.252817153930664,"y":0.9290270805358887,"z":0.7641662359237671},"rotation":{"x":-0.09447553753852844,"y":-0.8946548700332642,"z":0.22635670006275178,"w":-0.37340497970581057},"size":1.4322750568389893,"orthographic":false}