{"cameraMode":{"drawMode":0,"name":"Shaded","section":"Shading Mode"},"sceneLighting":false,"audioPlay":false,"sceneViewState":{"m_AlwaysRefresh":false,"showFog":true,"showSkybox":false,"showFlares":true,"showImageEffects":true,"showParticleSystems":true,"showVisualEffectGraphs":true,"m_FxEnabled":true},"in2DMode":false,"pivot":{"x":1.1920928955078126e-7,"y":0.8724660873413086,"z":-0.005276769399642944},"rotation":{"x":-0.14646011590957642,"y":-0.7776557207107544,"z":0.19675466418266297,"w":-0.5788693428039551},"size":1.432809591293335,"orthographic":false}