{"cameraMode":{"drawMode":0,"name":"Shaded","section":"Shading Mode"},"sceneLighting":false,"audioPlay":false,"sceneViewState":{"m_AlwaysRefresh":false,"showFog":true,"showSkybox":false,"showFlares":true,"showImageEffects":true,"showParticleSystems":true,"showVisualEffectGraphs":true,"m_FxEnabled":true},"in2DMode":false,"pivot":{"x":-0.005472682416439056,"y":-0.02507052570581436,"z":0.3724430203437805},"rotation":{"x":-0.20732541382312776,"y":-0.5587512254714966,"z":0.14673255383968354,"w":-0.7894842624664307},"size":0.23957529664039613,"orthographic":false}