{"cameraMode":{"drawMode":0,"name":"Shaded","section":"Shading Mode"},"sceneLighting":false,"audioPlay":false,"sceneViewState":{"m_AlwaysRefresh":false,"showFog":true,"showSkybox":false,"showFlares":true,"showImageEffects":true,"showParticleSystems":true,"showVisualEffectGraphs":true,"m_FxEnabled":true},"in2DMode":false,"pivot":{"x":-0.052883148193359378,"y":0.8404499888420105,"z":0.01887938380241394},"rotation":{"x":-0.4441939890384674,"y":-0.3295397460460663,"z":0.17994698882102967,"w":-0.8134591579437256},"size":0.9223998785018921,"orthographic":false}