{"cameraMode":{"drawMode":0,"name":"Shaded","section":"Shading Mode"},"sceneLighting":false,"audioPlay":false,"sceneViewState":{"m_AlwaysRefresh":false,"showFog":true,"showSkybox":false,"showFlares":true,"showImageEffects":true,"showParticleSystems":true,"showVisualEffectGraphs":true,"m_FxEnabled":true},"in2DMode":false,"pivot":{"x":-5.960464477539063e-8,"y":0.1444099247455597,"z":2.9802322387695315e-8},"rotation":{"x":0.07032013684511185,"y":-0.924456000328064,"z":0.20896975696086884,"w":0.31108933687210085},"size":0.20304681360721589,"orthographic":false}