{"cameraMode":{"drawMode":0,"name":"Shaded","section":"Shading Mode"},"sceneLighting":false,"audioPlay":false,"sceneViewState":{"m_AlwaysRefresh":false,"showFog":true,"showSkybox":false,"showFlares":true,"showImageEffects":true,"showParticleSystems":true,"showVisualEffectGraphs":true,"m_FxEnabled":true},"in2DMode":false,"pivot":{"x":-0.25541672110557558,"y":-0.0021683573722839357,"z":0.5061167478561401},"rotation":{"x":-0.3848307430744171,"y":-0.5481886267662048,"z":0.3133697509765625,"w":-0.6731979250907898},"size":0.2716083526611328,"orthographic":false}