{"cameraMode":{"drawMode":0,"name":"Shaded","section":"Shading Mode"},"sceneLighting":false,"audioPlay":false,"sceneViewState":{"m_AlwaysRefresh":false,"showFog":true,"showSkybox":false,"showFlares":true,"showImageEffects":true,"showParticleSystems":true,"showVisualEffectGraphs":true,"m_FxEnabled":true},"in2DMode":false,"pivot":{"x":-0.005954861640930176,"y":-0.007818318903446198,"z":0.17568029463291169},"rotation":{"x":-0.2046322226524353,"y":-0.5546531677246094,"z":0.14299145340919496,"w":-0.7937511801719666},"size":0.12393821775913239,"orthographic":false}