{"cameraMode":{"drawMode":0,"name":"Shaded","section":"Shading Mode"},"sceneLighting":false,"audioPlay":false,"sceneViewState":{"m_AlwaysRefresh":false,"showFog":true,"showSkybox":false,"showFlares":true,"showImageEffects":true,"showParticleSystems":true,"showVisualEffectGraphs":true,"m_FxEnabled":true},"in2DMode":false,"pivot":{"x":-0.01657833904027939,"y":0.04404325783252716,"z":0.3705013692378998},"rotation":{"x":-0.2968484163284302,"y":-0.6072289347648621,"z":0.26162058115005495,"w":-0.6889925003051758},"size":0.21877431869506837,"orthographic":false}