{"cameraMode":{"drawMode":0,"name":"Shaded","section":"Shading Mode"},"sceneLighting":false,"audioPlay":false,"sceneViewState":{"m_AlwaysRefresh":false,"showFog":true,"showSkybox":false,"showFlares":true,"showImageEffects":true,"showParticleSystems":true,"showVisualEffectGraphs":true,"m_FxEnabled":true},"in2DMode":false,"pivot":{"x":-0.009853310883045197,"y":0.2088485211133957,"z":0.019856669008731843},"rotation":{"x":0.07032013684511185,"y":-0.924456000328064,"z":0.20896975696086884,"w":0.31108933687210085},"size":0.2538319528102875,"orthographic":false}